<?xml version="1.0" encoding="UTF-8"?>
<GenRun Id="impl_1" LaunchPart="xc7a35ticpg236-1L" LaunchTime="1767204570">
  <File Type="BITSTR-BMM" Name="top_gunshot_system_bd.bmm"/>
  <File Type="OPT-METHODOLOGY-DRC" Name="top_gunshot_system_methodology_drc_opted.rpt"/>
  <File Type="INIT-TIMING" Name="top_gunshot_system_timing_summary_init.rpt"/>
  <File Type="ROUTE-PWR" Name="top_gunshot_system_power_routed.rpt"/>
  <File Type="PA-TCL" Name="top_gunshot_system.tcl"/>
  <File Type="OPT-TIMING" Name="top_gunshot_system_timing_summary_opted.rpt"/>
  <File Type="OPT-DCP" Name="top_gunshot_system_opt.dcp"/>
  <File Type="ROUTE-PWR-SUM" Name="top_gunshot_system_power_summary_routed.pb"/>
  <File Type="REPORTS-TCL" Name="top_gunshot_system_reports.tcl"/>
  <File Type="OPT-DRC" Name="top_gunshot_system_drc_opted.rpt"/>
  <File Type="OPT-HWDEF" Name="top_gunshot_system.hwdef"/>
  <File Type="PWROPT-DCP" Name="top_gunshot_system_pwropt.dcp"/>
  <File Type="PWROPT-DRC" Name="top_gunshot_system_drc_pwropted.rpt"/>
  <File Type="PWROPT-TIMING" Name="top_gunshot_system_timing_summary_pwropted.rpt"/>
  <File Type="PLACE-DCP" Name="top_gunshot_system_placed.dcp"/>
  <File Type="PLACE-IO" Name="top_gunshot_system_io_placed.rpt"/>
  <File Type="PLACE-CLK" Name="top_gunshot_system_clock_utilization_placed.rpt"/>
  <File Type="PLACE-UTIL" Name="top_gunshot_system_utilization_placed.rpt"/>
  <File Type="PLACE-UTIL-PB" Name="top_gunshot_system_utilization_placed.pb"/>
  <File Type="PLACE-CTRL" Name="top_gunshot_system_control_sets_placed.rpt"/>
  <File Type="PLACE-SIMILARITY" Name="top_gunshot_system_incremental_reuse_placed.rpt"/>
  <File Type="PLACE-PRE-SIMILARITY" Name="top_gunshot_system_incremental_reuse_pre_placed.rpt"/>
  <File Type="BG-BGN" Name="top_gunshot_system.bgn"/>
  <File Type="PLACE-TIMING" Name="top_gunshot_system_timing_summary_placed.rpt"/>
  <File Type="POSTPLACE-PWROPT-DCP" Name="top_gunshot_system_postplace_pwropt.dcp"/>
  <File Type="BG-BIN" Name="top_gunshot_system.bin"/>
  <File Type="POSTPLACE-PWROPT-TIMING" Name="top_gunshot_system_timing_summary_postplace_pwropted.rpt"/>
  <File Type="PHYSOPT-DCP" Name="top_gunshot_system_physopt.dcp"/>
  <File Type="PHYSOPT-DRC" Name="top_gunshot_system_drc_physopted.rpt"/>
  <File Type="BITSTR-MSK" Name="top_gunshot_system.msk"/>
  <File Type="PHYSOPT-TIMING" Name="top_gunshot_system_timing_summary_physopted.rpt"/>
  <File Type="ROUTE-ERROR-DCP" Name="top_gunshot_system_routed_error.dcp"/>
  <File Type="ROUTE-DCP" Name="top_gunshot_system_routed.dcp"/>
  <File Type="ROUTE-BLACKBOX-DCP" Name="top_gunshot_system_routed_bb.dcp"/>
  <File Type="ROUTE-DRC" Name="top_gunshot_system_drc_routed.rpt"/>
  <File Type="ROUTE-DRC-PB" Name="top_gunshot_system_drc_routed.pb"/>
  <File Type="BITSTR-LTX" Name="debug_nets.ltx"/>
  <File Type="BITSTR-LTX" Name="top_gunshot_system.ltx"/>
  <File Type="ROUTE-DRC-RPX" Name="top_gunshot_system_drc_routed.rpx"/>
  <File Type="BITSTR-MMI" Name="top_gunshot_system.mmi"/>
  <File Type="ROUTE-METHODOLOGY-DRC" Name="top_gunshot_system_methodology_drc_routed.rpt"/>
  <File Type="ROUTE-METHODOLOGY-DRC-RPX" Name="top_gunshot_system_methodology_drc_routed.rpx"/>
  <File Type="BITSTR-SYSDEF" Name="top_gunshot_system.sysdef"/>
  <File Type="ROUTE-METHODOLOGY-DRC-PB" Name="top_gunshot_system_methodology_drc_routed.pb"/>
  <File Type="ROUTE-PWR-RPX" Name="top_gunshot_system_power_routed.rpx"/>
  <File Type="ROUTE-STATUS" Name="top_gunshot_system_route_status.rpt"/>
  <File Type="ROUTE-STATUS-PB" Name="top_gunshot_system_route_status.pb"/>
  <File Type="ROUTE-TIMINGSUMMARY" Name="top_gunshot_system_timing_summary_routed.rpt"/>
  <File Type="ROUTE-TIMING-PB" Name="top_gunshot_system_timing_summary_routed.pb"/>
  <File Type="ROUTE-TIMING-RPX" Name="top_gunshot_system_timing_summary_routed.rpx"/>
  <File Type="ROUTE-SIMILARITY" Name="top_gunshot_system_incremental_reuse_routed.rpt"/>
  <File Type="ROUTE-CLK" Name="top_gunshot_system_clock_utilization_routed.rpt"/>
  <File Type="ROUTE-BUS-SKEW" Name="top_gunshot_system_bus_skew_routed.rpt"/>
  <File Type="ROUTE-BUS-SKEW-PB" Name="top_gunshot_system_bus_skew_routed.pb"/>
  <File Type="ROUTE-BUS-SKEW-RPX" Name="top_gunshot_system_bus_skew_routed.rpx"/>
  <File Type="POSTROUTE-PHYSOPT-DCP" Name="top_gunshot_system_postroute_physopt.dcp"/>
  <File Type="POSTROUTE-PHYSOPT-BLACKBOX-DCP" Name="top_gunshot_system_postroute_physopt_bb.dcp"/>
  <File Type="POSTROUTE-PHYSOPT-TIMING" Name="top_gunshot_system_timing_summary_postroute_physopted.rpt"/>
  <File Type="POSTROUTE-PHYSOPT-TIMING-PB" Name="top_gunshot_system_timing_summary_postroute_physopted.pb"/>
  <File Type="POSTROUTE-PHYSOPT-TIMING-RPX" Name="top_gunshot_system_timing_summary_postroute_physopted.rpx"/>
  <File Type="POSTROUTE-PHYSOPT-BUS-SKEW" Name="top_gunshot_system_bus_skew_postroute_physopted.rpt"/>
  <File Type="POSTROUTE-PHYSOPT-BUS-SKEW-PB" Name="top_gunshot_system_bus_skew_postroute_physopted.pb"/>
  <File Type="BG-BIT" Name="top_gunshot_system.bit"/>
  <File Type="POSTROUTE-PHYSOPT-BUS-SKEW-RPX" Name="top_gunshot_system_bus_skew_postroute_physopted.rpx"/>
  <File Type="BITSTR-RBT" Name="top_gunshot_system.rbt"/>
  <File Type="BITSTR-NKY" Name="top_gunshot_system.nky"/>
  <File Type="BG-DRC" Name="top_gunshot_system.drc"/>
  <File Type="RDI-RDI" Name="top_gunshot_system.vdi"/>
  <File Type="WBT-USG" Name="usage_statistics_webtalk.html"/>
  <FileSet Name="sources" Type="DesignSrcs" RelSrcDir="$PSRCDIR/sources_1">
    <Filter Type="Srcs"/>
    <File Path="$PSRCDIR/sources_1/new/clock_divider.v">
      <FileInfo>
        <Attr Name="UsedIn" Val="synthesis"/>
        <Attr Name="UsedIn" Val="implementation"/>
        <Attr Name="UsedIn" Val="simulation"/>
      </FileInfo>
    </File>
    <File Path="$PSRCDIR/sources_1/new/doa_calculator.v">
      <FileInfo>
        <Attr Name="UsedIn" Val="synthesis"/>
        <Attr Name="UsedIn" Val="implementation"/>
        <Attr Name="UsedIn" Val="simulation"/>
      </FileInfo>
    </File>
    <File Path="$PSRCDIR/sources_1/new/energy_detector.v">
      <FileInfo>
        <Attr Name="UsedIn" Val="synthesis"/>
        <Attr Name="UsedIn" Val="implementation"/>
        <Attr Name="UsedIn" Val="simulation"/>
      </FileInfo>
    </File>
    <File Path="$PSRCDIR/sources_1/new/gunshot_trigger.v">
      <FileInfo>
        <Attr Name="UsedIn" Val="synthesis"/>
        <Attr Name="UsedIn" Val="implementation"/>
        <Attr Name="UsedIn" Val="simulation"/>
      </FileInfo>
    </File>
    <File Path="$PSRCDIR/sources_1/new/i2s_master.v">
      <FileInfo>
        <Attr Name="UsedIn" Val="synthesis"/>
        <Attr Name="UsedIn" Val="implementation"/>
        <Attr Name="UsedIn" Val="simulation"/>
      </FileInfo>
    </File>
    <File Path="$PSRCDIR/sources_1/new/i2s_receiver_4ch.v">
      <FileInfo>
        <Attr Name="UsedIn" Val="synthesis"/>
        <Attr Name="UsedIn" Val="implementation"/>
        <Attr Name="UsedIn" Val="simulation"/>
      </FileInfo>
    </File>
    <File Path="$PSRCDIR/sources_1/new/tdoa_estimator.v">
      <FileInfo>
        <Attr Name="UsedIn" Val="synthesis"/>
        <Attr Name="UsedIn" Val="implementation"/>
        <Attr Name="UsedIn" Val="simulation"/>
      </FileInfo>
    </File>
    <File Path="$PSRCDIR/sources_1/new/top_gunshot_system.v">
      <FileInfo>
        <Attr Name="UsedIn" Val="synthesis"/>
        <Attr Name="UsedIn" Val="implementation"/>
        <Attr Name="UsedIn" Val="simulation"/>
      </FileInfo>
    </File>
    <Config>
      <Option Name="DesignMode" Val="RTL"/>
      <Option Name="TopModule" Val="top_gunshot_system"/>
      <Option Name="TopAutoSet" Val="TRUE"/>
    </Config>
  </FileSet>
  <FileSet Name="constrs_in" Type="Constrs" RelSrcDir="$PSRCDIR/constrs_1">
    <Filter Type="Constrs"/>
    <File Path="$PSRCDIR/constrs_1/new/cons.xdc">
      <FileInfo>
        <Attr Name="UsedIn" Val="synthesis"/>
        <Attr Name="UsedIn" Val="implementation"/>
      </FileInfo>
    </File>
    <Config>
      <Option Name="ConstrsType" Val="XDC"/>
    </Config>
  </FileSet>
  <FileSet Name="utils" Type="Utils" RelSrcDir="$PSRCDIR/utils_1">
    <Filter Type="Utils"/>
    <Config>
      <Option Name="TopAutoSet" Val="TRUE"/>
    </Config>
  </FileSet>
  <Strategy Version="1" Minor="2">
    <StratHandle Name="Vivado Implementation Defaults" Flow="Vivado Implementation 2018"/>
    <Step Id="init_design"/>
    <Step Id="opt_design"/>
    <Step Id="power_opt_design"/>
    <Step Id="place_design"/>
    <Step Id="post_place_power_opt_design"/>
    <Step Id="phys_opt_design"/>
    <Step Id="route_design"/>
    <Step Id="post_route_phys_opt_design"/>
    <Step Id="write_bitstream"/>
  </Strategy>
</GenRun>
